group_id,group_name,price
107,Laptop Asus Vivobook Go 15 E1504FA R5 7520U/16GB/512GB/Chuột/Win11 (NJ776W),12990000.0
108,Laptop HP 15 fc0085AU R5 7430U/16GB/512GB/Win11 (A6VV8PA),13190000.0
109,Laptop Dell Inspiron 15 3520 i5 1235U/16GB/512GB/120Hz/OfficeHS/Win11 (N5I5057W1),16490000.0
110,Laptop MacBook Air 13 inch M1 8GB/256GB (MGN63SA/A),17490000.0
111,Laptop Lenovo Ideapad Slim 3 15IAH8 i5 12450H/16GB/512GB/Win11 (83ER000EVN),14690000.0
112,Laptop Acer Nitro V 15 ANV15 41 R2UP R5 6600H/16GB/512GB/4GB RTX2050/165Hz/Win11 (NH.QPGSV.004),19490000.0
113,Laptop HP 15 fd0234TU i5 1334U/16GB/512GB/Win11 (9Q969PA),16190000.0
114,Laptop Asus Vivobook 15 X1504ZA i5 1235U/16GB/512GB/Win11 (NJ1608W),14490000.0
115,Laptop Lenovo Gaming LOQ Essential 15IAX9E i5 12450HX/16GB/512GB/4GB RTX2050/144Hz/Win11 (83LK000BVN),18490000.0
116,Laptop Acer Nitro V 15 ANV15 41 R1JY R5 6600H/16GB/512GB/6GB RTX3050/165Hz/Win11 (NH.QPFSV.001),21190000.0
117,Laptop HP 15 fd0303TU i3 1315U/8GB/512GB/Win11 (A2NL4PA),11690000.0
118,Laptop Dell Inspiron 15 3520 i5 1235U/16GB/512GB/120Hz/OfficeHS/KYHD/Win11,16490000.0
119,Laptop Asus Vivobook 15 X1504ZA i3 1215U/8GB/512GB/Win11 (NJ102W),9990000.0
120,Laptop Lenovo Ideapad Slim 3 15AMN8 R5 7520U/16GB/512GB/Win11 (82XQ00J0VN),13190000.0
121,Laptop Acer Aspire 16 AI A16 71M 59L5 Ultra 5 125H/16GB/512GB/Win11 (NX.J4YSV.001),18690000.0
122,Laptop MacBook Air 13 inch M2 16GB/256GB,23990000.0
123,Laptop Asus Vivobook 15 OLED A1505ZA i5 12500H/16GB/512GB/120Hz/Win11 (MA415W),16490000.0
124,Laptop HP 240 G9 i5 1235U/16GB/512GB/Win11 (AG2J7AT),15890000.0
125,Laptop Lenovo Ideapad Slim 5 14IAH8 i5 12450H/16GB/1TB/Win11 (83BF003WVN),17690000.0
126,Laptop Acer Aspire 16 AI A16 71M 71U7 Ultra 7 155H/16GB/512GB/Win11 (NX.J4YSV.002),21690000.0
127,Laptop Acer Aspire 7 A715 76 53PJ i5 12450H/16GB/512GB/Win11 (NH.QGESV.007),13890000.0
128,Laptop Asus Vivobook X1404ZA i5 1235U/16GB/512GB/Win11 (NK376W),14490000.0
129,Laptop Dell Inspiron 15 3520 i5 1235U/16GB/512GB/120Hz/OfficeHS/Win11 (N3520-i5U165W11BLU-FP),16490000.0
130,Laptop HP 245 G10 R5 7530U/8GB/512GB/Win11 (A20TDPT),12890000.0
131,Laptop Acer Aspire Lite 14 51M 36PN i3 1215U/8GB/512GB/Win11 (NX.KTWSV.001),9990000.0
132,Laptop Lenovo Gaming LOQ 15IAX9 i5 12450HX/16GB/512GB/6GB RTX3050/144Hz/Win11 (83GS000JVN),22690000.0
133,Laptop HP 240 G9 i3 1215U/8GB/512GB/Win11 (AG2J5AT),10990000.0
134,Laptop Acer Aspire 3 A314 42P R3B3 R7 5700U/16GB/512GB/Win11 (NX.KSFSV.001),12290000.0
135,Laptop Acer Aspire Lite 14 51M 36MH i3 1215U/8GB/256GB/Win11 (NX.KTVSV.001),9490000.0
136,Laptop Asus Vivobook X1404ZA i3 1215U/8GB/512GB/Win11 (NK246W),9990000.0
137,Laptop Lenovo Gaming LOQ 15IAX9 i5 12450HX/24GB/512GB/6GB RTX3050/144Hz/Win11 (83GS00D9VN),23690000.0
138,Laptop MSI Gaming Thin 15 B12UCX i5 12450H/16GB/512GB/4GB RTX2050/144Hz/Balo/Win11 (2046VN),16190000.0
139,Laptop HP Pavilion 15 eg3093TU i5 1335U/16GB/512GB/Win11 (8C5L4PA),18090000.0
140,Laptop Dell Inspiron 15 3520 i7 1255U/16GB/512GB/120Hz/OfficeHS/KYHD/Win11 (N5I7125W1),19990000.0
141,Laptop Acer Aspire 3 A315 44P R9W8 R7 5700U/8GB/512GB/Win11 (NX.KSJSV.002),10990000.0
142,Laptop Acer Gaming Aspire 5 A515 58GM 51LB i5 13420H/16GB/512GB/4GB RTX2050/Win11 (NX.KQ4SV.002),16990000.0
143,Laptop Asus Gaming Vivobook K3605ZF i5 12500H/16GB/512GB/4GB RTX2050/Win11 (RP745W),17690000.0
144,Laptop Lenovo Ideapad Slim 3 15IRH8 i7 13620H/16GB/1TB/Win11 (83EM003FVN),19390000.0
145,Laptop MSI Gaming GF63 Thin 12VE i5 12450H/16GB/512GB/6GB RTX4050/144Hz/Win11 (460VN),19690000.0
146,Laptop Dell Inspiron 15 3520 i5 1235U/16GB/512GB/120Hz/OfficeHS/Win11 (N5I5052W1),16490000.0
147,Laptop Acer Aspire Lite 14 51M 59BN i5 1235U/16GB/512GB/Win11 (NX.KTXSV.001),13690000.0
148,Laptop Asus Gaming Vivobook K3605ZC i5 12500H/16GB/512GB/4GB RTX3050/Win11 (RP629W),19990000.0
149,Laptop Acer Aspire 5 A515 58P 34RJ i3 1315U/8GB/512GB/Win11 (NX.KHJSV.003),9990000.0
150,Laptop Asus TUF Gaming F15 FX507ZC4 i5 12500H/16GB/512GB/4GB RTX3050/144Hz/Win11 (HN330W),20390000.0
151,Laptop MSI Gaming Thin 15 B12UC i5 12450H/16GB/512GB/4GB RTX3050/144Hz/Balo/Win11 (2045VN),18190000.0
152,Laptop Lenovo Ideapad 1 15ALC7 R7 5700U/16GB/512GB/Win11 (82R400C1VN),13190000.0
153,Laptop HP Gaming VICTUS 15 fb1022AX R5 7535HS/16GB/512GB/4GB RTX2050/144Hz/Win11 (94F19PA),16990000.0
154,Laptop HP 15 fd0015TU i7 1355U/16GB/512GB/Win11 (A19C5PA),20190000.0
155,Laptop Dell Latitude 3440 i5 1235U/16GB/512GB/Win11 (L3440-I51235U-16G512G),16990000.0
156,Laptop Asus Vivobook 15 X1504ZA i5 1235U/16GB/512GB/Win11 (NJ1546W),14490000.0
157,Laptop MSI Modern 15 B12MO i5 1235U/16GB/512GB/Win11 (628VN),12890000.0
158,Laptop Asus Zenbook 14 OLED UX3402VA i5 13500H/16GB/512GB/90Hz/Win11 (KM657W),23990000.0
159,Laptop Acer Gaming Aspire 5 A515 58GM 53PZ i5 13420H/8GB/512GB/4GB RTX2050/Win11 (NX.KQ4SV.008),15790000.0
160,Laptop MacBook Air 13 inch M3 16GB/512GB (MXCV3SA/A),31590000.0
161,Laptop Acer Aspire 5 A515 58M 56YX i5 13420H/16GB/512GB/Win11 (NX.KQ8SV.005),14990000.0
162,Laptop Lenovo Ideapad Slim 5 15IRU9 Core 5 120U/16GB/512GB/Win11 (83D0000EVN),17690000.0
163,Laptop HP Gaming VICTUS 15 fa1139TX i5 12450H/16GB/512GB/4GB RTX2050/144Hz/Win11 (8Y6W3PA),17790000.0
164,Laptop Dell Inspiron 15 3520 i5 1235U/8GB/512GB/120Hz/OfficeHS/Win11 (N3520-i5U085W11SLU),14990000.0
165,Laptop Asus TUF Gaming A15 FA506NFR R7 7435HS/16GB/512GB/4GB RTX2050/144Hz/Win11 (HN113W),18690000.0
166,Laptop HP 240 G10 i5 1335U/16GB/512GB/Win11 (9H2E4PT),17590000.0
167,Laptop Asus Vivobook 15 OLED A1505VA i5 13500H/16GB/512GB/Chuột/Win11 (L1341W),17990000.0
168,Laptop Acer Predator Helios Neo PHN16 71 53M7 i5 13500HX/16GB/512GB/8GB RTX4060/165Hz/Win11 (NH.QLUSV.005),27690000.0
169,Laptop MSI Thin 15 B13UC i7 13620H/32GB/512GB/4GB RTX3050/144Hz/Balo/Win11 (1411VN),21690000.0
170,Laptop Lenovo Gaming LOQ 15ARP9 R7 7435HS/24GB/512GB/6GB RTX4050/144Hz/Win11 (83JC0040VN),27190000.0
171,Laptop Lenovo Ideapad Slim 3 16IRH10 i5 13420H/24GB/512GB/Win11 (83K20003VN),17490000.0
172,Laptop Lenovo IdeaPad Slim 3 15IRH10 i5 13420H/16GB/512GB/Win11 (83K1000HVN),16490000.0
173,Laptop Acer Aspire Lite 16 G2 AL16 52P 572A i5 1334U/16GB/512GB/Win11 (NX.J2SSV.004),14790000.0
174,Laptop Asus TUF Gaming A15 FA506NCR R7 7435HS/16GB/512GB/4GB RTX3050/144Hz/Win11 (HN097W),20190000.0
175,Laptop HP Pavilion X360 14 ek2024TU Core 5 120U/16GB/512GB/Touch/Pen/Win11 (9Z2V6PA),23690000.0
176,Laptop HP 240 G8 i3 1115G4/8GB/512GB/Win11 (6L1A2PA),10190000.0
177,Laptop Acer Aspire Lite AL16 51P 596H i5 1235U/8GB/512GB/Win11 (NX.KWZSV.002),12990000.0
178,Laptop Asus Gaming TUF A15 FA507NUR R7 7435HS/16GB/512GB/6GB RTX4050/144Hz/Win11 (LP057W),24890000.0
179,Laptop Dell Vostro 3530 i5 1335U/16GB/512GB/120Hz/OfficeHS/Win11 (80GG93),18490000.0
180,Laptop MSI Gaming Katana 15 B13UDXK i7 13620H/16GB/1TB/6GB RTX3050/144Hz/Balo/Win11 (2077VN),24090000.0
181,Laptop Lenovo V14 G4 i7 1355U/16GB/512GB/Win11 (83A00012VN),19190000.0
182,Laptop GIGABYTE G5 MF5 RC555 i5 13500H/16GB/512GB/6GB RTX4050/144Hz/Win11 (9RC55MF5FEIAA1VN0C0),21990000.0
183,Laptop Asus Vivobook 16 X1605VA i5 1335U/16GB/512GB/Win11 (MB360W),16190000.0
184,Laptop Dell Inspiron 15 3530 i7 1355U/16GB/512GB/120Hz/OfficeHS/Win11 (71043888),21490000.0
185,Laptop Acer Aspire 3 A315 59 5283 i5 1235U/8GB/512GB/Win11 (NX.K6TSV.00B),12990000.0
186,Laptop HP Pavilion 15 eg3091TU i7 1355U/16GB/512GB/Win11 (8C5L2PA),23590000.0
187,Laptop Asus Vivobook 15 OLED A1505VA i5 13500H/16GB/512GB/120Hz/Win11 (MA467W),18190000.0
188,Laptop HP 15 fd1063TU Ultra 5 125H/16GB/512GB/Win11 (9Z2Y1PA),19690000.0
189,Laptop Lenovo IdeaPad Slim 3 15IRH10 i7 13620H/24GB/512GB/Win11 (83K1000FVN),20490000.0
190,Laptop Asus Zenbook 14 OLED UX3405MA Ultra 5 125H/16GB/512GB/Túi/Win11,26990000.0
191,Laptop MSI Gaming Cyborg 15 A13VEK i7 13620H/16GB/512GB/6GB RTX4050/144Hz/Balo/Win11 (1423VN),24690000.0
192,Laptop Lenovo Gaming LOQ 15IAX9 i5 12450HX/24GB/512GB/4GB RTX2050/144Hz/Win11 (83GS00DBVN),21490000.0
193,Laptop HP Pavilion 15 eg2088TU i7 1260P/16GB/512GB/Win11 (7C0R0PA),21690000.0
194,Laptop Acer Aspire Lite AL14 52M 54CJ i5 1334U/16GB/512GB/Win11 (NX.J39SV.002),14990000.0
195,Laptop Dell Inspiron 15 3530 i5 1334U/16GB/512GB/120Hz/OfficeHS/Win11 (N3530-i5U165W11SLU),18490000.0
196,Laptop Asus Vivobook 14 X1404VA i5 1335U/16GB/512GB/Win11 (NK050W),16190000.0
197,Laptop Acer Gaming Aspire 7 A715 76G 5806 i5 12450H/16GB/512GB/4GB RTX3050/144Hz/Win11 (NH.QMFSV.002),18990000.0
198,Laptop HP Pavilion 15 eg2081TU i5 1240P/16GB/512GB/Win11 (7C0Q4PA),16890000.0
199,"Laptop Asus TUF Gaming F15 FX507VV i7 13620H/16GB/512GB/8GB RTX4060/15.6""F/144Hz/Win11 (LP151W)",28890000.0
200,Laptop HP 240 G9 i5 1235U/16GB/512GB/Win11 (9T2G2PT),15890000.0
201,Laptop Acer Gaming Nitro AN515 58 773Y i7 12700H/16GB/512GB/4GB RTX3050Ti/144Hz/Win11 (NH.QFKSV.001.16G),23490000.0
202,Laptop Lenovo ThinkBook 14 G6 i7 1355U/16GB/512GB/Win11 (21KG00BQVN),21190000.0
203,Laptop MSI Gaming GF63 Thin 12VE i5 12450H/8GB/512GB/6GB RTX4050/144Hz/Win11 (460VN),18690000.0
204,Laptop Asus Zenbook 14 UX3405CA Ultra 5 225H/16GB/512GB/120Hz/Touch/OfficeHS24+365/Win11 (PZ187WS),31990000.0
205,Laptop Dell Vostro 3520 i5 1235U/16GB/512GB/120Hz/OfficeHS/Win11 (71030559),16490000.0
206,Laptop Acer Swift Go 14 41 R251 R5 7430U/16GB/1TB/Win11 (NX.KG3SV.005),17990000.0
207,Laptop Asus TUF Gaming A15 FA507NVR R7 7435HS/16GB/512GB/8GB RTX4060/144Hz/Win11 (LP007W),26890000.0
208,Laptop Dell Inspiron 15 3520 i7 1255U/16GB/512GB/120Hz/OfficeHS/Win11 (N3520-i7U165W11BLU-FP),19990000.0
209,Laptop Asus Vivobook 15 OLED A1505VA i9 13900H/16GB/512GB/120Hz/OfficeHS/Win11 (MA586WS),22990000.0
210,Laptop HP 240 G9 i3 1215U/8GB/512GB/Win11 (6L1X8PA),10990000.0
211,Laptop MacBook Air 13 inch M2 16GB/512GB/10GPU,28690000.0
212,Laptop Asus TUF Gaming F15 FX507ZC4 i7 12700H/16GB/512GB/4GB RTX3050/144Hz/Win11 (HNi7MW),23490000.0
213,Laptop HP 240 G9 i5 1235U/8GB/512GB/Win11 (6L1Y2PA),13290000.0
214,Laptop MSI Gaming Thin 15 B13UCX i5 13420H/16GB/512GB/4GB RTX2050/144Hz/Balo/Win11 (2080VN),17690000.0
215,Laptop Lenovo IdeaPad Slim 5 14IMH9 Ultra 7 155H/32GB/1TB/Win11 (83DA0020VN),27490000.0
216,Laptop Acer Gaming Nitro V ANV15 51 58AN i5 13420H/8GB/512GB/4GB RTX2050/144Hz/Win11 (NH.QNASV.001),16990000.0
217,Laptop Lenovo IdeaPad 5 2in1 14IRH9 i5 13420H/16GB/512GB/Touch/Pen/Win11 (83KX003WVN),21990000.0
218,Laptop Dell Inspiron 15 3530 i5 1334U/16GB/512GB/120Hz/OfficeHS/KYHD/Win11 (71043885),18490000.0
219,Laptop Dell Inspiron 15 3530 i5 1334U/16GB/512GB/120Hz/OfficeHS/Win11 (N5I5340W1),18490000.0
220,Laptop Asus Vivobook S 14 OLED S5406MA Ultra 5 125H/16GB/1TB/120Hz/Win11 (PP136W),24990000.0
221,Laptop HP Pavilion X360 14 ek2027TU Core 7 150U/16GB/512GB/Touch/Pen/Win11 (9Z2V9PA),27190000.0
222,Laptop HP 15s fq5147TU i7 1255U/8GB/512GB/Win11 (7C133PA),15690000.0
223,Laptop GIGABYTE G5 MF5 RC555 i7 13620H/16GB/512GB/6GB RTX4050/144Hz/Win11 (9RC55MF5FJIINIVN000),24490000.0
224,Laptop MSI Gaming GF63 Thin 12UC i7 12650H/8GB/512GB/4GB RTX3050/144Hz/Win11 (887VN),18690000.0
225,Laptop Acer Aspire 5 A514 56P 54TN i5 1335U/8GB/512GB/Win11 (NX.KHRSV.004),13990000.0
226,Laptop MSI Modern 14 C13M i5 1335U/16GB/512GB/Win11 (611VN),14190000.0
227,Laptop Asus Zenbook A14 UX3407QA X1 26 100/16GB/512GB/OfficeHS24+365/Win11 (QD299WS),29990000.0
228,Laptop MSI Modern 15 F13MG i5 1335U/16GB/512GB/Túi/Win11 (082VN),15390000.0
229,Laptop Acer Aspire Lite 16 G2 AL16 52P 76DU i7 1355U/16GB/512GB/Win11 (NX.J2SSV.005),17990000.0
230,Laptop Acer Gaming Nitro 5 Tiger AN515 58 52SP i5 12500H/8GB/512GB/4GB RTX3050/144Hz/Win11 (NH.QFHSV.001),19990000.0
231,Laptop Asus Gaming Vivobook K3605ZU i5 12500H/16GB/512GB/6GB RTX4050/144Hz/Win11 (RP296W),21690000.0
232,Laptop Lenovo ThinkBook 16 G6 i5 13420H/16GB/512GB/Win11 (21KH00Q0VN),18690000.0
233,Laptop MSI Gaming Katana 15 B13VFK i7 13620H/16GB/1TB/8GB RTX4060/144Hz/Balo/Win11 (676VN),26590000.0
234,Laptop Dell Vostro 15 3520 i5 1235U/16GB/512GB/120Hz/OfficeHS/Win11 (V3520-i5U165W11GRU),16490000.0
235,Laptop Lenovo ThinkPad E14 Gen 6 Ultra 5 125U/32GB/1TB/Win11 (21M7004LVN),25690000.0
236,Laptop HP Pavilion 15 eg2082TU i5 1240P/8GB/512GB/Win11 (7C0Q5PA),16190000.0
237,Laptop HP Elitebook 630 G10 i5 1335U/16GB/512GB/Win11 (9J0B4PT),20690000.0
238,Laptop HP Probook 450 G10 i5 1335U/16GB/512GB/Win11 (873D1PA),20190000.0
239,Laptop Lenovo Ideapad Slim 5 14IMH9 Ultra 7 155H/32GB/512GB/Win11 (83DA001YVN),25990000.0
240,Laptop Dell Inspiron 15 3520 i7 1255U/16GB/512GB/120Hz/OfficeHS/Win11 (71053682),19990000.0
241,Laptop Dell Inspiron 15 3520 i7 1255U/16GB/512GB/120Hz/OfficeHS/KYHD/Win11 (25P2315),19990000.0
242,Laptop Dell Vostro 15 3520 i5 1235U/8GB/512GB/120Hz/OfficeHS/Win11 (5M2TT2),14490000.0
243,Laptop HP Envy X360 14 fa0050AU R5 8640HS/16GB/512GB/Touch/Pen/Win11 (A29H8PA),26590000.0
244,Laptop Acer Swift Lite 14 AI SFL14 51M 56HS Ultra 5 125U/16GB/512GB/Win11 (NX.J1HSV.002),18990000.0
245,Laptop Acer Aspire Lite 15 51M 55NB i5 1155G7/8GB/512GB/Win11 (NX.KRSSV.001),11490000.0
246,Laptop Acer Gaming Nitro 5 Tiger AN515 58 769J i7 12700H/8GB/512GB/4GB RTX3050/144Hz/Win11 (NH.QFHSV.003),21490000.0
247,Laptop Asus Vivobook 16 X1605VA i5 13420H/16GB/512GB/OfficeHS24+365/Win11 (MB1876WS),16990000.0
248,Laptop MSI Gaming Stealth 14 AI Studio A1VFG Ultra 7 155H/32GB/1TB/8GB RTX4060/120Hz/Balo/Tai nghe/Móc chìa khóa/Chuột/Lót chuột/Win11 (085VN),46690000.0
249,Laptop HP Probook 450 G10 i5 1335U/16GB/512GB/Win11 (9H1N5PT),20190000.0
250,Laptop MSI Gaming Sword 16 HX B14VFKG i7 14700HX/16GB/1TB/8GB RTX4060/240Hz/Balo/Win11 (045VN),32790000.0
251,Laptop Asus Zenbook 14 OLED UX3405MA Ultra 9 185H/32GB/1TB/120Hz/Túi/Win11 (PP475W),32290000.0
252,Laptop Lenovo ThinkPad E14 Gen 6 Ultra 7 155U/16GB/512GB/Win11 (21M7004UVN),27990000.0
253,Laptop Dell Inspiron 14 5440 Core 7 150U/16GB/1TB/OfficeHS/Win11 (7FN5J),24990000.0
254,Laptop Dell Inspiron 15 3530 i7 1355U/16GB/1TB/120Hz/OfficeHS/Win11 (P16WD),21990000.0
255,Laptop Asus TUF Gaming F15 FX507VU i7 13620H/16GB/512GB/6GB RTX4050/144Hz/Win11 (LP186W),27190000.0
256,Laptop HP Pavilion 15 eg3095TU i5 1335U/8GB/512GB/Win11 (8C5L6PA),16690000.0
257,Laptop HP Envy x360 14 fc0094TU Ultra 5 125U/16GB/512GB/Touch/Pen/Win11 (A19C4PA),26690000.0
258,Laptop Lenovo IdeaPad Slim 5 14IMH9 Ultra 5 125H/16GB/512GB/Win11 (83DA001NVN),21490000.0
259,Laptop Lenovo Gaming LOQ 15IRX9 i7 13650HX/24GB/512GB/6GB RTX4050/144Hz/Win11 (83DV00UGVN),30490000.0
260,Laptop Acer Gaming Nitro V ANV15 51 53NE i5 13420H/16GB/512GB/4GB RTX2050/144Hz/Win11 (NH.QNASV.002),19990000.0
261,Laptop MSI Prestige 14 AI Studio C1VEG Ultra 7 155H/32GB/1TB/6GB RTX4050/Túi/Win11 (056VN),32390000.0
262,Laptop Dell Inspiron 15 3520 i5 1235U/8GB/512GB/120Hz/OfficeHS/Win11 (i5U085W11BLU),14490000.0
263,Laptop Dell Inspiron 15 3530 i7 1355U/16GB/512GB/120Hz/Office365/KYHD/Win11 (N5I7301W1),21490000.0
264,Laptop MSI Gaming Bravo 15 B7ED R5 7535HS/16GB/512GB/4GB RX6550M/144Hz/Win11 (010VN),17190000.0
265,Laptop Lenovo ThinkPad E16 Ultra 7 155H/32GB/1TB/Win11 (21MA004PVN),34090000.0
266,Laptop HP Gaming VICTUS 16 s0173AX R5 7640HS/16GB/512GB/6GB RTX3050/144Hz/Win11 (A9LG9PA),21190000.0
267,Laptop Acer Swift Go 14 AI SFG14 73 53X7 Ultra 5 125H/16GB/512GB/Win11 (NX.KSLSV.001),23290000.0
268,Laptop Acer Aspire 5 A515 58M 79R7 i7 13620H/16GB/512GB/Win11 (NX.KQ8SV.007),18990000.0
269,Laptop Asus Vivobook 15 OLED A1505VA i9 13900H/16GB/1TB/Win11 (L1386W),22990000.0
270,Laptop Asus ROG Strix G16 G614JV i7 13650HX/32GB/1TB/8GB RTX4060/165Hz/Win11 (N3515W),37990000.0
271,Laptop MSI Prestige 13 AI Evo A1MG Ultra 7 155H/32GB/1TB/Balo/Chuột/Win11 (062VN),31690000.0
272,Laptop Lenovo V15 G4 IRU i5 1335U/16GB/512GB/Win11 (83A1000LVN),13990000.0
273,Laptop Dell Inspiron 16 5640 Core 7 150U/16GB/1TB/OfficeHS/Win11 (N5640-C7U161W11IBU),25990000.0
274,Laptop Dell Inspiron 15 3530 i7 1355U/16GB/512GB/120Hz/OfficeHS/Win11 (71026454),21490000.0
275,Laptop Asus TUF Gaming F15 FX507ZC4 i5 12500H/16GB/1TB/4GB RTX3050/144Hz/Win11 (HN229W),22490000.0
276,Laptop Asus Vivobook 15 X1504VA i3 1315U/8GB/512GB/Win11 (NJ1634W),11690000.0
277,Laptop Acer Gaming Nitro V ANV15 51 55CA i5 13420H/16GB/512GB/6GB RTX4050/144Hz/Win11 (NH.QN8SV.004),24990000.0
278,Laptop MSI Gaming Cyborg 14 A13VE i7 13620H/16GB/512GB/6GB RTX4050/144Hz/Balo/Win11 (090VN),25690000.0
279,Laptop Lenovo Gaming Legion 5 16IRX9 i7 14650HX/16GB/1TB/8GB RTX4060/165Hz/Win11 (83DG0051VN),42690000.0
280,Laptop Lenovo ThinkBook 14 G7 Ultra 7 155U/32GB/1TB/Win11 (21MR0070VN),28890000.0
281,Laptop Lenovo Gaming Legion Pro 5 16IRX9 i9 14900HX/32GB/1TB/8GB RTX4060/240Hz/Win11 (83DF0047VN),46690000.0
282,Laptop Lenovo Yoga Pro 7 14IMH9 Ultra 7 155H/32GB/1TB/6GB RTX4050/120Hz/OfficeHS/Win11 (83E2005DVN),46990000.0
283,Laptop HP Elitebook 630 G11 Ultra 7 155U/16GB/512GB/Win11 (A7LC5PT),26990000.0
284,Laptop Lenovo V14 Core 5 120U/16GB/512GB/Win11 (83HD0001VN),18690000.0
285,Laptop Dell Inspiron 15 3520 i5 1235U/8GB/512GB/120Hz/OfficeHS/KYHD/Win11 (71027003),14490000.0
286,Laptop Asus TUF Gaming F15 FX507ZC4 i7 12700H/16GB/512GB/4GB RTX3050/144Hz/Win11 (HN181W),23490000.0
287,Laptop Lenovo ThinkBook 16 G7 Ultra 7 155U/32GB/1TB/Win11 (21MS007HVN),29190000.0
288,Laptop Acer Aspire 5 A514 54 5127 i5 1135G7/8GB/512GB/Win11 (NX.A28SV.007),12990000.0
289,Laptop Acer Nitro V 16 ProPanel ANV16 41 R6ZY R5 8645HS/16GB/512GB/6GB RTX3050/165Hz/Win11 (NH.QP2SV.002),23990000.0
290,Laptop HP Pavilion 15 eg3094TU i5 1335U/8GB/512GB/Win11 (8C5L5PA),16690000.0
291,Laptop Dell Inspiron 16 5640 Core 7 150U/16GB/1TB/2GB MX570A/OfficeHS/Win11 (KHPF5),26990000.0
292,Laptop Acer Gaming Nitro 5 Tiger AN515 58 773Y i7 12700H/8GB/512GB/4GB RTX3050Ti/144Hz/Win11 (NH.QFKSV.001),31990000.0
293,Laptop MSI Gaming Cyborg 15 AI A1VEK Ultra 7 155H/16GB/512GB/6GB RTX4050/144Hz/Balo/Win11 (053VN),28690000.0
294,Laptop Dell Inspiron 15 3530 i5 1334U/16GB/512GB/120Hz/OfficeHS/Win11 (P16WD2),18490000.0
295,Laptop Dell Inspiron 15 3520 i5 1235U/16GB/512GB/120Hz/OfficeHS/KYHD/Win11 (71043883),16490000.0
296,Laptop Asus Vivobook 15 X1504VA i7 1355U/16GB/512GB/Win11 (NJ023W),19990000.0
297,Laptop Asus Vivobook S 16 OLED S5606MA Ultra 5 125H/16GB/512GB/120Hz/Win11 (MX050W),24990000.0
298,Laptop Dell Inspiron 15 3530 i7 1355U/16GB/1TB/120Hz/OfficeHS/Win11 (N3530-i7U161W11BLU-FP),22490000.0
299,Laptop Lenovo Yoga Slim 7 14IMH9 Ultra 7 155H/32GB/1TB/OfficeHS/Win11 (83CV001VVN),30490000.0
300,Laptop Acer Gaming Nitro V ANV15 51 57B2 i5 13420H/8GB/512GB/6GB RTX4050/144Hz/Win11 (NH.QN8SV.001),22990000.0
301,Laptop HP Elitebook 630 G10 i7 1355U/16GB/512GB/Win11 (9H1N9PT),25690000.0
302,Laptop Acer Aspire 3 A315 58 529V i5 1135G7/8GB/256GB/Win11 (NX.ADDSV.00N),10990000.0
303,Laptop Lenovo Gaming LOQ 15ARP9 R7 7435HS/24GB/512GB/8GB RTX4060/144Hz/Win11 (83JC003YVN),30190000.0
304,Laptop MSI Gaming Katana A15 AI B8VF R7 8845HS/16GB/512GB/8GB RTX4060/144Hz/Balo/Win11 (419VN),29190000.0
305,Laptop Lenovo Gaming Legion Pro 5 16IRX9 i9 14900HX/32GB/1TB/8GB RTX4070/240Hz/Win11 (83DF0046VN),52190000.0
306,Laptop Lenovo ThinkPad E14 Ultra 7 155H/32GB/1TB/Win11 (21M70051VN),33490000.0
307,Laptop Asus Vivobook S 14 S5406SA Ultra 5 226V/16GB/512GB/120Hz/OfficeHS/Win11 (PP060WS),26490000.0
308,Laptop Dell Vostro 15 3520 i5 1235U/16GB/512GB/120Hz/OfficeHS/KYHD/Win11 (i5U165W11GRU),15990000.0
309,Laptop HP Envy x360 14 fc0162TU Ultra 5 125U/16GB/512GB/Touch/Pen/OfficeHS/Win11 (AY8X1PA),25990000.0
310,Laptop Asus Zenbook 14 OLED UX3405MA Ultra 7 155H/32GB/1TB/120Hz/Túi/Win11 (PP152W),31690000.0
311,Laptop HP Gaming VICTUS 16 s0078AX R5 7640HS/16GB/512GB/6GB RTX3050/144Hz/Win11 (8C5N7PA),21190000.0
312,Laptop Asus Vivobook 15 X1504VA i5 1335U/8GB/512GB/Win11 (NJ025W),14990000.0
313,Laptop Asus Vivobook 15 OLED A1505ZA i5 12500H/16GB/512GB/Win11 (L1337W),15290000.0
314,Laptop Asus TUF Gaming A15 FA506NF R5 7535HS/16GB/512GB/4GB RTX2050/144Hz/Win11 (HN012W),17990000.0
315,Laptop HP Gaming VICTUS 16 s0077AX R7 7840HS/16GB/512GB/144Hz/6GB RTX3050/Win11 (8C5N6PA),25690000.0
316,Laptop Dell Vostro 3420 i5 1235U/8GB/512GB/OfficeHS/Win11 (V4I5702W1),14490000.0
317,Laptop Dell Inspiron 15 3530 i5 1335U/16GB/512GB/120Hz/OfficeHS/Win11 (N5I5791W1),18490000.0
318,Laptop Dell Vostro 15 3520 i5 1235U/8GB/512GB/120Hz/OfficeHS/KYHD/Win11 (V5I5610W1),14490000.0
319,Laptop MSI Gaming Katana A15 AI B8VG R7 8845HS/16GB/1TB/8GB RTX4070/144Hz/Balo/Chuột/Bàn di/Win11 (465VN),32690000.0
320,Laptop Dell Inspiron 14 5440 Core 7 150U/16GB/512GB/OfficeHS/Win11 (N4I7204W1),24490000.0
321,Laptop Asus Vivobook 16 X1605VA i7 13620H/16GB/512GB/OfficeHS24+365/Win11 (MB1875WS),19490000.0
322,Laptop Asus Vivobook 16 M1607KA R7 AI 350/16GB/512GB/OfficeHS24+365/Win11 (MB091WS),22990000.0
323,Laptop MSI Prestige 14 AI Studio C1UDXG Ultra 7 155H/16GB/1TB/6GB RTX3050/144Hz/Túi/Win11 (058VN),27390000.0
324,Laptop Acer Swift Go 14 AI SFG14 73 71ZX Ultra 7 155H/16GB/512GB/Win11 (NX.KSLSV.002),26290000.0
325,Laptop Lenovo ThinkBook 16 G7 Ultra 5 125U/16GB/512GB/Win11 (21MS007GVN),22190000.0
326,Laptop HP VICTUS 16 r0283TX i5 13500H/16GB/512GB/144Hz/6GB RTX3050/Win11 (AD9T3PA),22690000.0
327,Laptop HP Probook 450 G10 i7 1355U/16GB/512GB/Win11 (9H8H1PT),23190000.0
328,Laptop Lenovo ThinkBook 14 Ultra 7 155U/16GB/512GB/Win11 (21MR0072VN),26390000.0
329,Laptop Acer Swift AI SF14 51 53P9 Ultra 5 226V/16GB/1TB/Win11 (NX.J2KSV.002),34990000.0
330,Laptop Lenovo IdeaPad Slim 5 14Q8X9 X1P 42 100/16GB/512GB/Win11 (83HL000KVN),20690000.0
331,Laptop Asus TUF Gaming A15 FA506NC R5 7535HS/16GB/512GB/4GB RTX3050/144Hz/Win11 (HN017W),19490000.0
332,Laptop Dell G15 5530 i9 13900HX/16GB/1TB/8GB RTX4060/165Hz/OfficeHS/Win11 (i9HX161W11GR4060),40990000.0
333,Laptop Asus TUF Gaming F15 FX507VU i7 13620H/16GB/512GB/6GB RTX4050/144Hz/Win11 (LP167W),27190000.0
334,Laptop HP Elitebook 630 G10 i7 1355U/16GB/512GB/Win11 (873F2PA),25690000.0
335,Laptop Dell Latitude 3440 i7 1355U/16GB/512GB/Win11 (71038103),22790000.0
336,Laptop Lenovo Gaming Legion Slim 5 16AHP9 R7 8845HS/32GB/1TB/8GB RTX4060/165Hz/Win11 (83DH003BVN),42690000.0
337,Laptop Lenovo V15 G5 IRL Core 5 120U/16GB/512GB/Win11 (83HF0000VN),18890000.0
338,Laptop Acer Swift AI SF14 51 75VP Ultra 7 258V/32GB/1TB/Win11 (NX.J2KSV.001),39990000.0
339,Laptop Asus Vivobook 14X OLED K3405VC i5 13500H/16GB/512GB/4GB RTX3050/Win11 (KM006W),22790000.0
340,Laptop Dell Inspiron 15 3530 i5 1335U/8GB/512GB/120Hz/OfficeHS/Win11 (N3530-i5U085W11BLU),16990000.0
341,Laptop HP VICTUS 16 r0127TX i7 13700H/16GB/512GB/8GB RTX4060/144Hz/Win11 (8C5N2PA),34790000.0
342,Laptop Lenovo Gaming Legion Pro 7 16IRX9H i9 14900HX/32GB/1TB/16GB RTX4090/240Hz/Win11 (83DE001MVN),106990000.0
343,Laptop HP Envy X360 14 fc0083TU Ultra 7 155U/32GB/1TB/Touch/Pen/Win11 (A19BSPA),33390000.0
344,Laptop Dell Inspiron 16 5640 Core 7 150U/16GB/1TB/2GB MX570A/120Hz/OfficeHS/Win11 (N6I7512W1),31490000.0
345,Laptop Lenovo Thinkpad X13 Ultra 5 125U/16GB/512GB/Win11 Pro (21LU004NVN),33990000.0
346,Laptop Asus ROG Strix G16 G614JU i7 13650HX/32GB/1TB/6GB RTX4050/165Hz/Win11 (N3509W),34990000.0
347,Laptop HP Gaming VICTUS 16 r0130TX i5 13500H/16GB/512GB/144Hz/6GB RTX3050/Win11 (8C5N5PA),22690000.0
348,Laptop Asus Zenbook S 14 UX5406SA Ultra 7 258V/32GB/1TB/120Hz/Túi/OfficeHS/Win11 (PV140WS),41990000.0
349,Laptop Dell Inspiron 7440 Core 5 120U/16GB/1TB/Touch/Pen/OfficeHS/Win11 (N4I5006W1),28990000.0
350,Laptop Dell Inspiron 7440 Core 7 150U/16GB/1TB/Touch/Pen/OfficeHS/Win11 (N7440-C7U161W11IBU),30990000.0
351,Laptop HP Spectre X360 14 eu0050TU Ultra 7 155H/32GB/1TB/Touch/Pen/Win11 (A19BLPA),50990000.0
352,Laptop MSI Gaming Katana A15 AI B8VE R7 8845HS/16GB/512GB/6GB RTX4050/144Hz/Balo/Win11 (402VN),27190000.0
353,Laptop HP Probook 450 G10 i7 1355U/16GB/512GB/Win11 (873D3PA),23190000.0
354,Laptop Asus TUF Gaming A15 FA507NV R7 7735HS/16GB/512GB/8GB RTX4060/144Hz/Win11 (LP031W),27390000.0
355,Laptop Asus TUF Gaming A15 FA507NU R5 7535HS/16GB/512GB/6GB RTX4050/144Hz/Win11 (LP105W),23490000.0
356,Laptop MSI Creator Z17 HX Studio A14VGT i7 14700HX/32GB/2TB/8GB RTX4070/165Hz/Touch/Pen/Balo/Win11 (272VN),66190000.0
357,Laptop MacBook Air 13 inch M3 16GB/ 256GB,27090000.0
358,Laptop ASUS TUF Gaming A15 FA507UV R7 8845HS/16GB/512GB/8GB RTX4060/144Hz/Win11 (LP142W),27790000.0
359,Laptop Asus Vivobook S 14 S5406SA Ultra 7 258V/32GB/1TB/120Hz/OfficeHS/Win11 (PP059WS),32490000.0
360,Laptop Asus Zenbook 14 UX3405CA Ultra 7 255H/16GB/512GB/120Hz/Touch/OfficeHS24+365/Win11 (PZ368WS),34990000.0
361,Laptop HP OMEN 16 xf0071AX R7 7840HS/32GB/1TB/8GB RTX4060/240Hz/Win11 (8W946PA),50690000.0
362,Laptop MSI Creator M16 HX C14VFG i7 14700HX/32GB/1TB/8GB RTX4060/240Hz/Balo/Win11 (040VN),42190000.0
363,Laptop MSI Cyborg 15 A13VFK i7 13620H/16GB/512GB/8GB RTX4060/144Hz/Balo/Win11 (876VN),27690000.0
364,Laptop Dell XPS 13 9340 Ultra 7 155H/16GB/1TB/Touch/OfficeHS/Win11 (HXRGT),54990000.0
365,Laptop Asus TUF Gaming A14 FA401WV R9 AI HX 370/16GB/1TB/8GB RTX4060/165Hz/OfficeHS/Office365/Win11 (RG062WS),40990000.0
366,Laptop Asus Zenbook 14 OLED UM3406KA R7 AI 350/32GB/512GB/120Hz/OfficeHS24+365/Win11 (PP555WS),31990000.0
367,Laptop HP Envy x360 14 fc0089TU Ultra 7 155U/16GB/512GB/Touch/Pen/Win11 (A19BZPA),30790000.0
368,Laptop Asus Vivobook S 15 S5507QA X1E 78 100/32GB/1TB/Win11/OfficeHS (MA090WS),30290000.0
369,Laptop HP Envy X360 14 fa0048AU R7 8840HS/16GB/512GB/Touch/Pen/Win11 (A19BQPA),28190000.0
370,Laptop MSI Prestige 13 AI+ A2VMG Ultra 7 258V/32GB/1TB/Balo/Win11 (040VN),36190000.0
371,Laptop HP Probook 460 G11 Ultra 5 125U/16GB/512GB/Win11 (A74BTPT),22990000.0
372,Laptop MSI Prestige 16 AI+ B2VMG Ultra 9 288V/32GB/1TB/Balo/Win11 (016VN),43190000.0
373,Laptop Dell XPS 13 9340 Ultra 7 155H/16GB/1TB/Touch/OfficeHS/Win11 (HXRGT2),54990000.0
374,Laptop MSI Stealth A16 AI+ A3XVGG R9 AI HX 370/32GB/2TB/8GB RTX4070/120Hz/Balo/Chuột/Win11 (208VN),67190000.0
375,Laptop MSI Gaming Katana A15 AI B8VG R9 8945HS/16GB/1TB/8GB RTX4070/144Hz/Balo/Lót chuột/Chuột/Win11 (466VN),38690000.0
376,Laptop MacBook Pro 14 inch M4 16GB/512GB,39990000.0
377,Laptop MacBook Pro 14 inch M4 Pro 24GB/512GB,49790000.0
378,Laptop MacBook Air 15 inch M3,32490000.0
379,Laptop Dell Inspiron 14 5440 i5 1334U/16GB/512GB/OfficeHS/Win11 (NDY5V1),20990000.0
380,Laptop MacBook Pro 14 inch M4 Pro 24GB/1TB,54990000.0
381,Laptop MacBook Pro 14 inch Nano M4 16GB/512GB,41990000.0
382,Laptop Asus Vivobook 15 X1504ZA i5 1235U/16GB/1TB/Win11 (NJ1528W),13790000.0
383,Laptop MacBook Pro 16 inch M4 Pro 24GB/1TB,69490000.0
384,Laptop Samsung Galaxy Chromebook Go XE310XDA N4500/4GB/32GB/ChromeOS,7990000.0
385,Laptop MacBook Air 13 inch M2 24GB/512GB,31990000.0
386,Laptop MacBook Air 13 inch M3 24GB/512GB,36290000.0
387,Laptop MacBook Pro 16 inch M4 Pro 24GB/512GB,64490000.0
388,Laptop Lenovo Gaming LOQ Essential 15IAX9E i5 12450HX/12GB/512GB/6GB RTX3050/144Hz/Win11 (83LK0036VN),20190000.0
389,Laptop MacBook Pro 16 inch M4 Pro 48GB/512GB,74490000.0
390,Laptop MacBook Pro 14 inch Nano M4 Pro 24GB/512GB,51990000.0
391,Laptop Lenovo IdeaPad 5 2in1 14IRH9 i7 13620H/16GB/512GB/Touch/Pen/Win11 (83KX003XVN),24990000.0
392,Laptop Dell Inspiron 14 5430 i5 1340P/16GB/512GB/4GB RTX2050/120Hz/OfficeHS/Win11 (N5430-i5P165W11SL2050),26490000.0
393,Laptop HP Elitebook 630 G10 i5 1335U/16GB/512GB/Touch/Win11 (9J0B5PT),22190000.0
394,Laptop Samsung Galaxy Chromebook Go XE340XDA N4500/4GB/32GB/ChromeOS,8990000.0
395,Laptop MacBook Pro 14 inch M4 Pro 48GB/512GB,59490000.0
396,Laptop MacBook Pro 14 inch M4 Pro 48GB/1TB,64990000.0
397,Laptop HP OMEN 16 xf0070AX R9 7940HS/32GB/1TB/8GB RTX4070/240Hz/Win11 (8W945PA),62890000.0
398,Laptop Dell G15 5530 i7 13650HX/16GB/1TB/8GB RTX4060/165Hz/OfficeHS/Win11 (i7HX161W11GR4060),36990000.0
399,Laptop MacBook Pro 14 inch Nano M4 Max 36GB/1TB,82090000.0
400,Laptop Apple MacBook Pro 16 inch Nano M4 Pro 24GB/512GB,68490000.0
401,Laptop GIGABYTE G6 KF RC56 i7 13620H/16GB/1TB/8GB RTX4060/165Hz/Win11 (9RC56KF0HJJANIVN000),29190000.0
402,Laptop Macbook Air 13 inch M2 16GB/512GB Sạc 70W,29190000.0
403,Laptop HP Gaming VICTUS 16 r0128TX i5 13450HX/16GB/512GB/144Hz/6GB RTX4050/Win11 (8C5N3PA),28990000.0
404,Laptop HP Gaming VICTUS 16 r0228TX i5 13500H/32GB/512GB/6GB RTX4050/144Hz/Win11 (9Q979PA),30990000.0
405,Laptop HP Gaming VICTUS 16 r0227TX i5 13500H/32GB/512GB/8GB RTX4060/144Hz/Win11 (9Q978PA),32490000.0
406,Laptop HP Gaming VICTUS 16 s0138AX R7 7840HS/32GB/512GB/8GB RTX4070/144Hz/Win11 (9Q985PA),37990000.0
407,Laptop Lenovo Thinkpad X13 Ultra 7 155H/32GB/1TB/Touch/Win11 Pro (21LU004LVN),44590000.0
408,Laptop HP Probook 460 G11 Ultra 7 155U/16GB/512GB/Win11 (A74C0PT),25690000.0
409,Laptop HP Elitebook X360 830 G11 Ultra 7 165U/16GB/512GB/Touch/Pen/Win11 Pro (A7RC0PT),44690000.0
410,Laptop HP Envy X360 14 fa0097AU R5 8640HS/16GB/512GB/Touch/Pen/Office365/Win11 (AY8U7PA),26690000.0
411,Laptop HP Envy X360 14 fc0153TU Ultra 7 155U/32GB/512GB/Touch/Pen/Office365/Win11 (AY8V4PA),32690000.0
412,Laptop MacBook Pro 16 inch M4 Max 36GB/1TB,87690000.0
413,Laptop MSI Modern 15 B12MO i7 1255U/16GB/512GB/Win11 (487VN),15690000.0
414,Laptop Dell Inspiron 15 3530 i7 1355U/16GB/512GB/120Hz/OfficeHS/Win11 (N5I7240W1),21490000.0
415,Laptop HP Elitebook X360 830 G11 Ultra 5 135U/16GB/512GB/Touch/Pen/Win11 Pro (A7RB9PT),40190000.0
416,Laptop HP OMEN Transcend 14 fb0135TX Ultra 7 155H/16GB/1TB/8GB RTX4060/120Hz/Win11 (AY8V1PA),58990000.0
417,Laptop Lenovo IdeaPad 5 2in1 14Q8X9 X1P 42 100/16GB/512GB/Touch/Win11 (83GH001FVN),23690000.0
418,Laptop Lenovo IdeaPad Flex 5 14ABR8 R7 7730U/16GB/512GB/Touch/Win11 (82XX00DLVN),18990000.0
419,Laptop Lenovo ThinkPad E16 Ultra 5 125U/32GB/1TB/Win11 (21MA0049VN),25590000.0
420,Laptop Lenovo ThinkPad X1 Carbon Ultra 7 165U/64GB/1TB/120Hz/Win11 Pro (21KC00AGVN),65390000.0
421,Laptop Lenovo Yoga 7 2in1 14IML9 Ultra 5 125H/16GB/512GB/Touch/Office/Win11 (83DJ00DMVN),26990000.0
422,Laptop Lenovo IdeaPad Slim 5 14IMH9 Ultra 5 125H/16GB/1TB/Win11 (83DA006TVN),23690000.0
423,Laptop Lenovo Legion 7 16IRX9 i9 14900H/32GB/1TB/8GB RTX4070/165Hz/Win11,61690000.0
424,Laptop Lenovo Yoga Pro 7 14ASP9 R9 AI 365/32GB/1TB/120Hz/OfficeHS/Win11 (83HN0022VN),40990000.0
425,Laptop Lenovo Yoga Pro 7 14IMH9 Ultra 7 155H/32GB/1TB/6GB RTX4050/120Hz/OfficeHS/Win11 (83E2006MVN),46990000.0
426,Laptop Lenovo Yoga Slim 7 15ILL9 Ultra 7 258V/32GB/1TB/120Hz/Touch/OfficeHS/Win11 (83HM000GVN),40990000.0
427,Laptop LG Gram 14Z90S Ultra 5 125H/16GB/512GB/Win11 (14Z90S-G.AH55A5),32990000.0
428,Laptop LG Gram 14Z90S Ultra 7 155H/16GB/512GB/Win11 (14Z90S-G.AH75A5),37490000.0
429,Laptop LG Gram 16Z90S Ultra 7 155H/16GB/512GB/Win11 (16Z90S-G.AH76A5),41490000.0
430,Laptop LG Gram 17Z90S Ultra 7 155H/16GB/1TB/Win11 (17Z90S-G.AH78A5),44990000.0
431,Laptop LG Gram 16Z90SP Ultra 7 155H/16GB/512GB/Win11 (16Z90SP-K.AH78A5),46990000.0
432,Laptop HP Elitebook 635 Aero G11 R5 8640U/16GB/512GB/Win11 (A8WS6PT),23890000.0
433,Laptop HP Elitebook 635 Aero G11 R7 8840HS/16GB/512GB/Win11 (A8WS7PT),27290000.0
434,Laptop Lenovo IdeaPad Slim 3 15IRH10 i7 13620H/16GB/512GB/Win11 (83K1000JVN),19490000.0
435,Laptop Lenovo LOQ 15IAX9 i5 12450HX/12GB/512GB/6GB RTX4050/144Hz/Win11 (83GS001QVN),25190000.0
436,Laptop Lenovo Legion Pro 7 16IRX9H i9 14900HX/1TB/12GB RTX4080/240Hz/Win11 (83DE001NVN),88990000.0
437,Laptop Lenovo Legion Slim 5 16AHP9 R7 8845HS/16GB/512GB/8GB RTX4060/165Hz/Win11 (83DH003AVN),39690000.0
438,Laptop Lenovo ThinkPad T14s Ultra 5 125U/16GB/512GB/Win11 Pro (21LS005RVN),35390000.0
439,Laptop Lenovo Thinkpad X13 Ultra 7 155H/16GB/1TB/Win11 Pro (21LU004TVN),41590000.0
440,Laptop Lenovo Yoga 7 2in1 14IML9 Ultra 7 155H/16GB/512GB/Touch/Pen/OfficeHS/Win11 (83DJ001FVN),30990000.0
441,Laptop GIGABYTE AORUS 16X X6LAG i7 14650HX/16GB/1TB/8G RTX4070/165Hz/Win11 (9RX6LASGDDJIXDVN010),43190000.0
442,Laptop Asus Zenbook DUO UX8406CA Ultra 9 285H/32GB/1TB/120Hz/Touch/OfficeHS24+365/Win11 (PZ109WS),61990000.0
443,Laptop Dell Inspiron 15 3530 i5 1334U/16GB/512GB/120Hz/OfficeHS24+365/Win11 (N5I5530W1),18490000.0
444,Laptop Dell Inspiron 15 3530 i7 1355U/16GB/512GB/120Hz/OfficeHS24+365/Win11 (N5I7305W1),21490000.0
445,Laptop Dell Latitude 3450 i5 1335U/16GB/512GB/Win11 (L3450-1335U-16512W),18990000.0
446,Laptop Asus Vivobook 14 A1407CA Ultra 5 225H/16GB/512GB/OfficeHS24+365/Win11 (LY008WS),20990000.0
447,Laptop Asus Vivobook 14 X1404VA i5 1334U/16GB/512GB/OfficeHS24+365/Win11 (NK771WS),15490000.0
448,Laptop Asus Vivobook 16 A1607CA Ultra 5 225H/16GB/512GB/OfficeHS24+365/Win11 (MB038WS),21490000.0
449,Laptop Asus Vivobook S 16 S5606CA Ultra 5 225H/16GB/512GB/120Hz/OfficeHS24+365/Win11 (RI114WS),27490000.0
450,"Laptop Asus Vivobook S 16 S5606CA Ultra 7 255H/32GB/1TB/16""Q/120Hz/OfficeHS24+365/Win11 (RI115WS)",34290000.0
451,Laptop Dell Latitude 5450 Ultra 5 125U/16GB/512GB/Win11 (L5450-125U-16512W),25490000.0
452,Laptop Dell Latitude 5350 Ultra 7 165U vPro/16GB/512GB/Win11 (L5350-165U-16512W),29990000.0
453,Laptop Dell XPS 13 9350 Ultra 7 256V/16GB/512GB/Touch/OfficeHS24+365/Win11 (XPSU7016W1),56990000.0
454,Laptop MacBook Air 13 inch M4 16GB/256GB,26990000.0
455,Laptop MacBook Air 13 inch M4 16GB/512GB,31990000.0
456,Laptop MacBook Air 13 inch M4 16GB/1TB,36990000.0
457,Laptop MacBook Air 13 inch M4 24GB/256GB,31990000.0
458,Laptop MacBook Air 13 inch M4 24GB/512GB,36990000.0
459,Laptop MacBook Air 13 inch M4 24GB/1TB,41990000.0
460,Laptop MacBook Air 13 inch M4 32GB/256GB,36990000.0
461,Laptop MacBook Air 13 inch M4 32GB/512GB,41990000.0
462,Laptop MacBook Air 13 inch M4 32GB/1TB,46990000.0
463,Laptop MacBook Air 15 inch M4 16GB/256GB,31990000.0
464,Laptop MacBook Air 15 inch M4 16GB/512GB,36990000.0
465,Laptop MacBook Air 15 inch M4 16GB/1TB,41990000.0
466,Laptop MacBook Air 15 inch M4 24GB/256GB,36990000.0
467,Laptop MacBook Air 15 inch M4 24GB/512GB,41990000.0
468,Laptop MacBook Air 15 inch M4 24GB/1TB,46990000.0
469,Laptop MacBook Air 15 inch M4 32GB/256GB,
470,Laptop MacBook Air 15 inch M4 32GB/512GB,46990000.0
471,Laptop MacBook Air 15 inch M4 32GB/1TB,51990000.0
